TransactionID,CustomerID,Monto,TipoTransaccion,Ubicación,Hora,Fraudulenta
10000,1,830.77,Pago,Argentina,12:40,0
10001,1,4664.01,Compra,España,19:00,0
10002,1,3834.82,Compra,EE.UU.,20:20,1
10003,1,3195.21,Compra,México,23:31,0
10004,1,3403.1,Compra,España,20:44,0
10005,2,957.28,Retiro,Argentina,18:58,0
10006,2,71.18,Retiro,EE.UU.,09:47,0
10007,2,4829.03,Compra,Argentina,12:06,0
10008,2,1546.79,Pago,España,03:31,0
10009,2,2835.91,Pago,Colombia,18:48,0
10010,3,1516.42,Compra,México,01:25,0
10011,4,4302.47,Retiro,México,07:05,0
10012,5,2044.44,Retiro,Argentina,22:00,0
10013,5,3994.16,Retiro,Colombia,14:19,0
10014,5,2642.8,Retiro,Argentina,18:35,0
10015,6,3473.58,Compra,Colombia,08:51,0
10016,6,1862.53,Compra,Colombia,13:10,0
10017,6,2122.41,Retiro,Argentina,11:47,0
10018,6,1045.09,Compra,España,01:55,0
10019,6,3527.16,Retiro,EE.UU.,22:14,0
10020,7,2962.27,Pago,EE.UU.,09:50,1
10021,7,123.44,Transferencia,Argentina,03:16,0
10022,7,1888.3,Pago,EE.UU.,23:05,0
10023,7,1449.05,Pago,Argentina,07:07,0
10024,8,106.58,Pago,Argentina,08:55,0
10025,8,2600.7,Retiro,Argentina,01:48,0
10026,8,2678.86,Transferencia,España,12:02,0
10027,8,1228.26,Retiro,Colombia,04:44,0
10028,9,4928.19,Pago,México,10:31,0
10029,9,2172.36,Retiro,Colombia,03:10,0
10030,9,4197.46,Compra,México,14:37,0
10031,10,,Retiro,España,14:41,1
10032,10,2869.69,Retiro,EE.UU.,07:49,0
10033,10,3377.05,Transferencia,Argentina,16:50,0
10034,10,4041.31,Transferencia,EE.UU.,01:41,0
10035,11,3919.0,Transferencia,Argentina,05:38,0
10036,11,4267.97,Compra,EE.UU.,02:28,0
10037,12,875.97,Transferencia,Argentina,21:55,0
10038,12,2530.57,Retiro,España,06:21,1
10039,13,2792.19,Compra,México,14:31,0
10040,13,59.63,Retiro,Colombia,00:03,0
10041,13,4349.14,Transferencia,Argentina,23:34,0
10042,13,363.42,Compra,España,14:23,0
10043,14,2000.21,Retiro,EE.UU.,04:46,0
10044,14,228.78,Compra,Colombia,17:00,0
10045,14,2496.53,Transferencia,México,23:53,0
10046,14,84.28,Compra,México,18:28,0
10047,14,3702.06,Compra,México,16:13,1
10048,15,1051.85,Transferencia,España,12:09,1
10049,15,4554.01,Retiro,España,02:22,0
10050,15,4791.07,Transferencia,EE.UU.,00:48,0
10051,15,1185.83,Compra,México,01:26,0
10052,15,413.78,Pago,España,17:26,0
10053,16,4729.32,Compra,España,03:22,0
10054,16,1775.91,Pago,Colombia,20:13,1
10055,16,447.26,Retiro,EE.UU.,04:30,0
10056,17,2336.65,Retiro,Argentina,19:54,0
10057,17,2057.43,Transferencia,Argentina,01:48,0
10058,17,3398.03,Retiro,Colombia,15:02,0
10059,17,954.74,Pago,EE.UU.,22:00,0
10060,18,3851.05,Compra,México,17:31,0
10061,18,363.65,Compra,México,16:35,0
10062,18,2382.23,Retiro,Colombia,07:35,0
10063,18,884.97,Compra,México,12:37,0
10064,19,4678.38,Compra,México,05:23,0
10065,20,638.88,Compra,México,03:27,0
10066,20,2441.78,Pago,EE.UU.,23:39,0
10067,21,257.02,Retiro,Colombia,07:11,0
10068,21,4898.6,Retiro,EE.UU.,23:20,0
10069,21,4294.5,Transferencia,España,12:56,0
10070,22,4278.78,Retiro,Argentina,00:18,0
10071,23,227.23,Compra,Colombia,22:23,0
10072,24,3630.08,Transferencia,México,16:14,1
10073,25,1501.86,Retiro,México,13:38,0
10074,25,3090.81,Retiro,México,17:56,0
10075,25,4286.41,Transferencia,EE.UU.,23:53,0
10076,26,4753.58,Transferencia,Argentina,20:00,0
10077,26,276.65,Compra,España,07:44,0
10078,26,4568.78,Compra,EE.UU.,01:51,0
10079,26,1131.98,Pago,España,04:23,0
10080,27,1282.07,Transferencia,España,15:47,0
10081,28,1743.82,Retiro,México,07:45,0
10082,28,4413.62,Transferencia,México,13:05,0
10083,28,1737.49,Retiro,Colombia,21:33,0
10084,28,136.31,Transferencia,España,00:18,0
10085,29,4086.54,Pago,EE.UU.,15:29,0
10086,29,4193.65,Pago,EE.UU.,08:04,0
10087,29,213.04,Pago,México,11:09,0
10088,30,1053.33,Retiro,Argentina,20:12,0
10089,30,1677.23,Transferencia,España,07:54,0
10090,30,4895.34,Pago,México,21:50,0
10091,31,4541.54,Transferencia,México,00:06,0
10092,31,3732.34,Compra,México,22:42,0
10093,32,1530.21,Compra,Argentina,13:17,1
10094,32,2172.32,Transferencia,México,23:22,0
10095,32,313.08,Retiro,México,22:33,0
10096,32,3189.13,Pago,México,03:34,0
10097,33,2956.26,Retiro,España,20:35,0
10098,33,1984.52,Retiro,Colombia,14:47,0
10099,33,2508.94,Retiro,Argentina,17:03,0
10100,33,4008.11,Transferencia,Colombia,10:04,0
10101,34,3412.01,Transferencia,Colombia,15:23,0
10102,34,1994.27,Retiro,Colombia,00:21,0
10103,35,1459.47,Retiro,España,21:04,1
10104,35,1415.8,Pago,México,13:38,0
10105,35,566.26,Retiro,Argentina,19:41,0
10106,35,3189.93,Transferencia,Colombia,05:36,0
10107,35,2557.54,Transferencia,Argentina,02:50,1
10108,36,740.85,Pago,México,02:17,0
10109,36,1240.2,Retiro,México,08:28,0
10110,36,2919.73,Retiro,España,17:57,0
10111,37,2511.49,Retiro,Colombia,00:04,0
10112,37,931.49,Retiro,México,21:30,0
10113,37,991.89,Compra,España,10:30,0
10114,37,3650.15,Pago,Colombia,16:11,0
10115,38,445.97,Compra,Colombia,00:35,0
10116,39,2902.17,Compra,México,21:25,0
10117,39,889.06,Pago,España,18:30,0
10118,39,3851.21,Transferencia,Colombia,16:49,0
10119,39,4334.35,Pago,EE.UU.,19:42,1
10120,40,4055.9,Retiro,México,22:42,0
10121,40,262.65,Retiro,Argentina,03:38,0
10122,40,4944.7,Pago,Colombia,12:25,1
10123,41,1353.2,Compra,Colombia,15:27,0
10124,41,876.35,Pago,España,17:10,0
10125,41,4387.86,Compra,EE.UU.,08:04,0
10126,42,1782.73,Transferencia,España,13:26,1
10127,42,4043.71,Pago,EE.UU.,00:17,0
10128,42,3027.32,Compra,EE.UU.,06:42,0
10129,43,4401.34,Transferencia,Argentina,06:55,1
10130,43,4056.17,Transferencia,EE.UU.,11:26,0
10131,43,1694.59,Retiro,Argentina,23:24,0
10132,43,2719.54,Retiro,México,23:30,0
10133,43,4413.51,Pago,Colombia,22:45,1
10134,44,4888.96,Transferencia,Colombia,10:29,0
10135,44,1106.97,Retiro,EE.UU.,13:38,1
10136,45,2835.72,Compra,Colombia,13:58,0
10137,45,2819.44,Retiro,Colombia,21:49,0
10138,45,1228.48,Retiro,Colombia,10:35,0
10139,46,3599.26,Pago,México,21:36,0
10140,46,806.6,Transferencia,España,13:54,0
10141,47,1126.38,Pago,EE.UU.,01:51,1
10142,48,2507.75,Transferencia,Argentina,18:26,0
10143,48,3436.2,Transferencia,Argentina,03:46,1
10144,49,,Retiro,México,17:32,0
10145,49,4455.6,Retiro,España,19:36,0
10146,49,1318.98,Transferencia,Colombia,06:31,0
10147,50,3554.12,Transferencia,Colombia,17:44,0
10148,50,3028.12,Pago,España,03:41,0
10149,50,4007.81,Pago,Colombia,11:01,0
10150,50,343.03,Pago,Colombia,05:46,0
10151,51,4783.0,Transferencia,España,20:44,0
10152,51,4326.57,Compra,Argentina,09:06,0
10153,52,4790.51,Compra,Argentina,01:13,0
10154,53,4375.08,Retiro,España,04:49,0
10155,53,368.5,Compra,España,01:45,0
10156,53,1601.14,Retiro,España,05:52,0
10157,53,2521.55,Transferencia,España,04:40,0
10158,53,3471.89,Compra,Argentina,09:25,0
10159,54,2451.12,Transferencia,España,22:11,1
10160,55,2687.22,Retiro,España,23:14,0
10161,55,1464.28,Retiro,Colombia,22:38,0
10162,56,3819.32,Retiro,México,10:21,0
10163,56,4409.24,Transferencia,EE.UU.,13:58,1
10164,56,3462.73,Pago,México,08:20,0
10165,56,1053.97,Retiro,Colombia,18:20,0
10166,57,2281.45,Pago,EE.UU.,11:18,0
10167,57,1069.19,Compra,México,16:18,0
10168,58,3142.93,Transferencia,México,22:23,0
10169,58,3051.23,Retiro,Colombia,14:48,1
10170,58,2495.59,Retiro,Colombia,14:43,0
10171,58,3727.58,Retiro,EE.UU.,02:41,0
10172,59,4653.05,Compra,México,19:24,0
10173,60,788.68,Transferencia,Colombia,13:10,0
10174,61,1830.87,Retiro,España,06:25,0
10175,61,4436.02,Retiro,Argentina,22:21,1
10176,62,1256.86,Compra,España,20:49,0
10177,62,1894.63,Pago,Colombia,03:12,0
10178,62,1136.02,Retiro,EE.UU.,09:48,0
10179,62,1849.66,Retiro,EE.UU.,11:27,0
10180,63,4347.18,Compra,EE.UU.,05:25,0
10181,63,4867.76,Pago,Argentina,14:20,0
10182,64,1530.87,Compra,Argentina,19:33,0
10183,65,2734.59,Transferencia,Argentina,02:30,0
10184,65,650.77,Retiro,EE.UU.,09:14,0
10185,65,1236.77,Transferencia,España,18:12,0
10186,65,2910.63,Retiro,España,04:24,1
10187,66,2888.53,Compra,Argentina,12:19,0
10188,66,80.96,Compra,EE.UU.,15:20,0
10189,67,4903.53,Pago,EE.UU.,22:14,0
10190,68,,Compra,México,08:35,0
10191,68,215.95,Transferencia,España,17:42,0
10192,68,,Compra,Colombia,06:09,0
10193,68,4959.98,Pago,Argentina,00:35,0
10194,68,2440.51,Retiro,Colombia,10:46,0
10195,69,2857.5,Pago,EE.UU.,23:44,0
10196,69,2252.53,Transferencia,Colombia,11:54,0
10197,69,4559.78,Retiro,México,08:58,0
10198,70,2652.27,Compra,Colombia,20:35,0
10199,71,2206.15,Retiro,Argentina,08:44,0
10200,71,1236.44,Compra,México,20:03,1
10201,71,1105.41,Pago,México,08:37,0
10202,71,3298.4,Retiro,México,08:33,0
10203,71,3237.33,Pago,México,12:46,1
10204,72,933.14,Retiro,Colombia,22:42,0
10205,72,753.14,Pago,EE.UU.,01:45,0
10206,73,439.07,Compra,EE.UU.,16:30,0
10207,73,3184.0,Transferencia,Colombia,07:05,0
10208,73,4486.93,Transferencia,España,23:50,0
10209,73,1501.11,Pago,Argentina,05:05,0
10210,74,1542.16,Transferencia,México,10:02,0
10211,74,3497.68,Transferencia,Argentina,09:19,0
10212,74,3338.45,Retiro,EE.UU.,22:55,0
10213,74,2475.81,Pago,Colombia,08:59,0
10214,75,3561.98,Pago,Argentina,16:24,0
10215,75,1609.59,Retiro,EE.UU.,21:02,0
10216,75,1538.46,Compra,Colombia,10:02,0
10217,75,1705.38,Retiro,Argentina,03:25,0
10218,75,1115.44,Compra,EE.UU.,04:37,0
10219,76,1315.87,Pago,México,02:43,0
10220,76,433.47,Pago,EE.UU.,05:06,1
10221,76,2624.59,Pago,España,14:48,0
10222,76,4197.32,Transferencia,EE.UU.,14:57,0
10223,77,1121.46,Pago,España,01:29,0
10224,77,1444.81,Compra,Argentina,12:39,0
10225,77,2038.32,Pago,Colombia,12:15,0
10226,77,3977.63,Compra,Colombia,11:14,0
10227,77,3619.74,Transferencia,Colombia,22:59,0
10228,78,651.83,Compra,España,21:54,0
10229,78,4844.95,Transferencia,España,19:20,0
10230,78,1536.58,Transferencia,Argentina,17:10,0
10231,79,333.4,Pago,México,11:19,0
10232,79,2215.62,Retiro,Argentina,08:05,0
10233,79,3671.17,Compra,Argentina,17:45,0
10234,79,4101.48,Pago,México,03:55,0
10235,79,3767.32,Retiro,España,18:45,0
10236,80,1118.31,Pago,México,15:10,0
10237,80,4943.1,Pago,Colombia,16:41,0
10238,80,4322.76,Retiro,España,02:51,0
10239,81,4344.12,Pago,Colombia,10:30,0
10240,81,475.14,Transferencia,Argentina,05:30,1
10241,81,2069.74,Retiro,España,07:03,0
10242,81,1515.17,Retiro,España,17:26,0
10243,81,1265.17,Transferencia,España,00:36,0
10244,82,976.75,Transferencia,España,18:43,0
10245,82,4762.71,Pago,España,01:01,0
10246,83,3887.36,Compra,Argentina,21:11,0
10247,84,3159.65,Pago,España,20:42,0
10248,84,1640.55,Pago,México,11:47,0
10249,85,4870.05,Transferencia,México,03:29,0
10250,85,1503.07,Retiro,México,09:40,0
10251,85,3338.92,Compra,Argentina,16:25,0
10252,86,1045.55,Transferencia,España,21:51,0
10253,86,649.18,Transferencia,Colombia,06:05,0
10254,86,682.65,Transferencia,Colombia,01:46,0
10255,86,840.29,Compra,España,13:57,0
10256,87,3484.43,Retiro,México,03:09,0
10257,87,3014.94,Retiro,España,03:27,0
10258,88,740.59,Compra,Argentina,19:12,0
10259,88,2252.16,Transferencia,Argentina,05:21,0
10260,88,2508.02,Compra,Colombia,10:25,0
10261,88,2816.52,,México,13:49,0
10262,89,365.05,Transferencia,España,04:32,1
10263,89,1765.05,Compra,Colombia,14:24,0
10264,89,3931.99,Retiro,Colombia,21:33,0
10265,89,3986.58,Retiro,México,10:15,0
10266,89,76.87,Transferencia,EE.UU.,20:39,0
10267,90,,Retiro,EE.UU.,18:06,1
10268,91,1111.51,Pago,México,08:18,0
10269,91,4556.42,Pago,Argentina,04:59,0
10270,91,3464.25,Pago,Colombia,15:58,0
10271,92,1610.32,Retiro,Argentina,03:18,0
10272,92,3027.27,Transferencia,España,14:35,0
10273,92,1084.6,Pago,Argentina,20:51,0
10274,93,3385.44,Pago,Argentina,12:15,0
10275,94,422.64,Retiro,EE.UU.,10:29,0
10276,94,1351.99,Transferencia,Colombia,23:27,0
10277,94,4014.13,,Colombia,02:30,1
10278,95,1497.71,Transferencia,Argentina,15:28,0
10279,95,4123.79,Transferencia,México,09:43,0
10280,95,1701.88,Transferencia,EE.UU.,14:07,1
10281,96,4562.79,Retiro,España,16:47,0
10282,96,3340.23,Pago,España,15:36,0
10283,96,1957.94,,Colombia,08:09,0
10284,97,3105.61,Pago,Colombia,20:53,0
10285,97,2686.87,Retiro,México,23:13,0
10286,97,2864.31,Retiro,Argentina,07:40,0
10287,97,1489.06,Compra,México,02:30,0
10288,97,,Compra,México,05:48,0
10289,98,4392.1,Pago,España,05:05,0
10290,98,3470.01,Pago,España,19:15,0
10291,98,3863.3,Pago,España,09:52,0
10292,98,330.61,Compra,España,13:20,0
10293,98,1509.33,Pago,EE.UU.,22:04,0
10294,99,2943.86,Retiro,EE.UU.,00:53,0
10295,100,367.69,Retiro,Colombia,07:09,0
10296,100,1680.44,Compra,Argentina,23:17,0
10297,101,4327.55,Transferencia,Argentina,11:50,0
10298,101,4269.55,Transferencia,EE.UU.,08:03,1
10299,102,1074.76,Transferencia,Argentina,14:01,0
10300,102,4291.67,Retiro,España,05:41,0
10301,102,1049.12,Retiro,Argentina,18:54,0
10302,102,2426.65,Retiro,España,04:01,0
10303,103,1065.62,Retiro,EE.UU.,12:10,0
10304,103,3325.89,Retiro,EE.UU.,05:58,0
10305,103,1489.47,Retiro,España,18:00,0
10306,103,3931.17,Retiro,México,02:39,0
10307,103,1814.69,Transferencia,México,23:25,0
10308,104,1883.62,Pago,España,13:20,1
10309,105,3914.24,Transferencia,España,20:13,0
10310,105,375.64,Retiro,España,14:10,0
10311,105,1264.41,Compra,EE.UU.,15:54,0
10312,106,2636.59,Transferencia,México,09:22,0
10313,106,4586.26,Transferencia,EE.UU.,15:15,0
10314,107,4549.01,Pago,Argentina,11:30,0
10315,107,384.37,Transferencia,México,20:48,0
10316,107,4998.72,Pago,EE.UU.,06:01,0
10317,107,1067.24,Compra,Colombia,12:40,0
10318,107,2980.46,Compra,Colombia,09:55,0
10319,108,2495.26,Compra,Colombia,05:09,0
10320,108,2139.53,Transferencia,EE.UU.,08:38,0
10321,108,1106.65,Pago,España,11:32,0
10322,108,1698.88,Pago,México,06:38,0
10323,109,1121.73,Compra,España,10:27,0
10324,109,4675.53,Compra,Colombia,12:31,0
10325,109,862.32,Compra,Colombia,22:10,0
10326,110,1849.12,Compra,España,22:27,0
10327,110,1355.85,Transferencia,Colombia,12:16,0
10328,110,2238.96,Retiro,España,07:10,0
10329,110,165.86,Pago,México,03:29,0
10330,111,3913.2,Pago,Argentina,11:12,0
10331,111,4872.52,Pago,España,20:53,0
10332,111,3604.95,Retiro,México,19:47,0
10333,111,524.0,Transferencia,México,13:15,0
10334,112,2674.83,,Argentina,22:21,0
10335,112,1884.19,Pago,Colombia,05:47,0
10336,112,4442.87,Transferencia,México,07:02,0
10337,112,2036.73,Retiro,México,18:01,0
10338,112,980.83,Transferencia,México,11:02,0
10339,113,4132.62,Retiro,España,23:03,1
10340,113,165.58,Retiro,EE.UU.,18:45,0
10341,113,2565.09,Compra,Colombia,13:31,0
10342,113,1065.84,Pago,México,09:05,0
10343,113,4842.33,Compra,España,14:15,1
10344,114,4169.8,Retiro,México,06:30,0
10345,114,4438.0,Transferencia,España,11:00,0
10346,114,1104.14,Transferencia,Colombia,02:55,1
10347,114,2295.71,Retiro,Argentina,12:28,0
10348,114,4286.64,Pago,Colombia,05:15,1
10349,115,203.3,Pago,México,15:37,0
10350,115,4333.33,Transferencia,México,10:05,0
10351,116,3527.11,Retiro,Colombia,17:53,0
10352,116,2608.52,Transferencia,EE.UU.,06:55,0
10353,116,698.93,Pago,Colombia,20:00,0
10354,117,1935.35,Compra,México,21:15,0
10355,117,446.06,Transferencia,España,13:25,0
10356,118,189.32,Transferencia,España,21:14,0
10357,119,3764.15,Retiro,EE.UU.,12:26,0
10358,119,1930.34,Transferencia,México,10:57,0
10359,120,2547.6,Retiro,España,08:00,0
10360,120,3156.78,Transferencia,España,17:15,0
10361,120,2169.01,Compra,EE.UU.,14:31,0
10362,120,2177.07,Retiro,EE.UU.,18:32,0
10363,121,2363.28,Retiro,México,06:13,0
10364,121,4934.94,Transferencia,Colombia,23:15,0
10365,121,3015.72,Retiro,EE.UU.,16:29,0
10366,121,654.54,Pago,España,12:15,0
10367,121,4168.19,Retiro,EE.UU.,23:08,0
10368,122,4696.88,Retiro,Colombia,07:23,0
10369,122,4762.44,,Argentina,04:39,1
10370,122,805.37,Pago,EE.UU.,19:46,1
10371,123,4625.49,Transferencia,Colombia,12:18,0
10372,123,233.85,Compra,España,14:40,0
10373,123,1775.31,Compra,México,05:23,0
10374,123,1253.43,Compra,México,13:33,1
10375,123,2435.37,Pago,México,19:01,0
10376,124,1223.38,Pago,Colombia,09:55,0
10377,124,3472.65,Pago,España,17:28,0
10378,125,2910.57,Transferencia,México,05:29,0
10379,125,1802.23,Transferencia,Argentina,07:21,0
10380,126,3306.32,Transferencia,Argentina,15:35,0
10381,126,1184.67,Retiro,Colombia,09:15,0
10382,127,3891.04,Retiro,España,09:39,0
10383,127,2809.89,Retiro,España,07:46,0
10384,127,192.74,Compra,EE.UU.,15:52,0
10385,127,450.66,Compra,México,16:33,0
10386,128,1799.19,Transferencia,Colombia,23:16,0
10387,128,1698.09,Pago,EE.UU.,05:54,0
10388,128,2966.05,Transferencia,Argentina,03:38,0
10389,129,4729.91,Transferencia,EE.UU.,23:42,0
10390,129,1625.51,Pago,España,00:42,1
10391,129,3387.72,Compra,Argentina,14:53,0
10392,129,521.37,Transferencia,Argentina,06:57,0
10393,129,526.11,Transferencia,EE.UU.,12:45,0
10394,130,3179.91,Pago,Argentina,22:53,1
10395,130,44.07,Pago,México,01:14,0
10396,130,95.39,Retiro,España,20:31,1
10397,130,3824.16,Compra,EE.UU.,06:50,0
10398,131,1552.89,Transferencia,México,21:09,0
10399,131,4899.73,Transferencia,Colombia,15:45,0
10400,131,449.08,Retiro,Colombia,05:22,0
10401,131,4165.67,Transferencia,EE.UU.,08:57,0
10402,131,3394.52,Pago,México,16:36,0
10403,132,3858.15,Compra,Colombia,02:21,0
10404,132,1436.47,,México,05:53,1
10405,132,2828.67,,México,02:17,0
10406,132,2298.44,Transferencia,Argentina,01:46,0
10407,133,2829.76,Transferencia,España,19:31,0
10408,134,3845.96,Pago,EE.UU.,04:52,0
10409,134,3771.48,Transferencia,Colombia,21:43,0
10410,134,434.02,Pago,México,05:49,0
10411,134,607.78,Retiro,España,08:35,0
10412,135,875.26,Compra,España,21:06,0
10413,136,1695.46,Compra,Colombia,23:00,0
10414,136,3157.43,Transferencia,Argentina,13:11,0
10415,137,552.7,Compra,México,09:14,0
10416,137,2107.1,Compra,Colombia,22:02,0
10417,138,3580.57,Retiro,Colombia,05:39,0
10418,138,3466.2,Retiro,EE.UU.,05:58,0
10419,138,3702.23,Retiro,México,11:12,0
10420,138,4693.54,Pago,Colombia,04:42,0
10421,139,3521.17,Retiro,Colombia,04:36,1
10422,139,4830.22,Retiro,Argentina,09:30,0
10423,139,4303.82,Pago,México,13:13,0
10424,139,1833.17,Compra,EE.UU.,18:14,0
10425,140,4203.61,Compra,Colombia,17:55,0
10426,140,3005.71,Transferencia,España,12:15,1
10427,140,4599.26,Retiro,EE.UU.,11:19,0
10428,140,3861.24,Compra,Colombia,04:15,0
10429,140,4386.49,Transferencia,Colombia,08:26,1
10430,141,2319.75,Transferencia,Colombia,03:57,0
10431,141,498.12,Transferencia,México,22:34,0
10432,142,2108.9,Pago,España,16:24,0
10433,143,3009.26,Transferencia,Colombia,04:52,0
10434,143,332.82,Retiro,España,02:46,0
10435,143,1708.48,Retiro,Colombia,23:03,0
10436,143,2588.97,Compra,México,03:26,0
10437,144,3631.25,Transferencia,EE.UU.,11:03,1
10438,144,23.86,Retiro,Argentina,12:59,0
10439,144,4218.96,Compra,España,13:18,0
10440,144,4674.24,Pago,EE.UU.,22:02,0
10441,145,177.51,Retiro,España,17:32,0
10442,145,1981.85,Compra,Colombia,12:24,0
10443,145,4476.35,Pago,Colombia,14:14,0
10444,145,3369.54,Transferencia,Argentina,17:46,0
10445,146,1323.08,Pago,Argentina,20:50,0
10446,146,309.8,Transferencia,Argentina,23:37,0
10447,146,1453.46,Transferencia,Argentina,17:57,0
10448,146,1717.96,Retiro,España,06:32,0
10449,146,2760.15,Transferencia,España,06:13,0
10450,147,4743.32,Pago,EE.UU.,23:58,0
10451,147,554.97,Retiro,Argentina,04:22,0
10452,148,3199.15,Compra,Argentina,16:04,0
10453,148,2066.08,Retiro,México,11:25,1
10454,148,2189.49,Transferencia,Colombia,06:39,0
10455,148,718.4,Transferencia,Argentina,18:55,1
10456,149,4456.37,Retiro,Argentina,08:00,0
10457,149,848.12,Retiro,México,14:11,0
10458,149,2925.35,Retiro,México,23:12,0
10459,149,1819.33,Compra,México,18:09,0
10460,150,3832.92,Transferencia,Colombia,11:51,1
10461,151,969.11,Retiro,Colombia,10:15,0
10462,151,4498.41,Pago,México,19:08,0
10463,152,195.45,Retiro,EE.UU.,05:26,1
10464,152,1125.7,Pago,España,11:54,0
10465,152,3454.78,Compra,España,08:20,0
10466,152,2691.78,Compra,Argentina,17:37,0
10467,153,55.79,Retiro,EE.UU.,04:54,0
10468,153,44.89,Retiro,Colombia,09:55,0
10469,154,1723.69,Compra,EE.UU.,22:55,0
10470,154,4226.15,Compra,Colombia,01:30,0
10471,154,4868.05,Compra,Colombia,13:07,0
10472,155,4827.65,Retiro,México,09:56,0
10473,156,3310.92,Compra,España,13:23,0
10474,157,2862.25,Pago,México,01:56,0
10475,157,1590.88,Transferencia,España,07:03,0
10476,157,2103.62,Transferencia,EE.UU.,10:13,0
10477,158,3300.2,Pago,EE.UU.,04:35,0
10478,159,4926.84,Transferencia,Colombia,19:48,0
10479,159,2425.66,Retiro,España,17:57,1
10480,159,1039.74,Compra,Colombia,08:42,0
10481,159,4534.45,Retiro,México,11:00,0
10482,159,4922.76,Transferencia,Argentina,01:39,0
10483,160,2180.77,Retiro,España,06:30,1
10484,160,128.57,Retiro,Colombia,08:58,0
10485,160,875.03,Transferencia,EE.UU.,10:39,0
10486,160,4480.19,Retiro,España,06:52,0
10487,161,1100.89,Compra,Colombia,17:53,0
10488,161,4260.91,Pago,España,20:16,1
10489,161,3988.05,Retiro,Colombia,05:50,0
10490,161,1977.46,Pago,Argentina,22:00,0
10491,162,2994.56,Retiro,México,19:38,0
10492,162,1090.71,Transferencia,México,18:32,0
10493,162,3183.53,Transferencia,Argentina,02:36,0
10494,162,4235.41,Compra,EE.UU.,01:00,0
10495,163,3485.18,Retiro,Argentina,15:08,0
10496,163,3519.89,Compra,EE.UU.,04:45,0
10497,163,3711.94,Compra,Colombia,20:52,0
10498,163,4868.94,Pago,México,09:54,0
10499,164,3125.07,Retiro,Colombia,02:42,0
10500,165,963.99,Pago,México,15:25,0
10501,165,2952.42,Compra,Argentina,19:01,0
10502,165,,Compra,España,00:33,0
10503,165,2516.74,Pago,México,06:38,0
10504,165,2522.83,Transferencia,México,16:47,0
10505,166,4403.81,Pago,España,09:55,0
10506,167,3620.58,Compra,Argentina,00:27,1
10507,167,4182.06,Transferencia,España,08:22,0
10508,167,4848.05,Pago,México,01:45,0
10509,167,2986.54,Retiro,México,08:29,0
10510,168,,Transferencia,México,10:42,0
10511,168,214.41,Compra,Colombia,10:26,0
10512,169,1215.3,Transferencia,España,15:54,0
10513,169,4375.5,Retiro,España,00:09,0
10514,169,12.55,Retiro,España,16:23,0
10515,169,1602.66,Compra,España,14:45,0
10516,170,1201.99,Compra,Colombia,13:35,0
10517,170,2062.16,Pago,España,06:09,0
10518,171,1546.08,Retiro,Colombia,16:53,0
10519,172,3978.59,Pago,México,21:53,0
10520,172,2596.72,Compra,España,18:47,0
10521,172,650.69,Retiro,Argentina,22:05,1
10522,172,2104.08,Pago,Argentina,21:09,0
10523,172,296.1,Compra,EE.UU.,08:22,0
10524,173,3517.19,Pago,México,12:42,0
10525,173,3368.81,Pago,Colombia,01:23,0
10526,173,69.41,Compra,México,05:45,0
10527,173,3033.94,Compra,España,16:58,0
10528,174,940.14,Pago,Argentina,20:16,0
10529,174,1499.27,Transferencia,Colombia,00:00,0
10530,174,3906.07,Compra,México,23:37,0
10531,175,2102.41,Pago,México,06:17,0
10532,175,4251.28,Pago,Colombia,08:17,0
10533,175,2930.43,Transferencia,México,22:56,0
10534,176,964.36,Retiro,México,02:01,0
10535,176,2772.38,Compra,EE.UU.,10:21,0
10536,176,4153.29,Pago,Colombia,15:01,0
10537,176,2652.61,Transferencia,EE.UU.,22:15,0
10538,177,1199.13,Pago,España,04:11,1
10539,178,1387.52,Pago,España,19:35,0
10540,178,4269.4,Transferencia,España,21:34,0
10541,178,3994.09,Transferencia,México,16:32,0
10542,178,121.82,Retiro,México,06:00,0
10543,179,3475.4,,Argentina,20:36,0
10544,179,1146.47,Transferencia,Argentina,02:09,0
10545,180,323.98,Pago,España,01:07,0
10546,181,2503.06,Compra,Colombia,10:10,0
10547,181,4010.95,Compra,España,06:20,0
10548,181,118.1,Pago,Colombia,04:37,0
10549,182,1399.0,Pago,México,12:41,0
10550,182,2870.58,,España,10:33,0
10551,183,2580.84,Transferencia,Argentina,15:13,0
10552,183,103.53,Retiro,México,11:53,0
10553,184,543.59,Compra,Argentina,12:59,0
10554,184,2948.65,Compra,México,20:56,0
10555,185,2627.19,Compra,México,09:36,0
10556,185,,Compra,España,13:57,0
10557,185,3159.52,Compra,Colombia,08:26,0
10558,185,337.74,Retiro,México,06:47,0
10559,185,2667.37,Retiro,Colombia,14:18,0
10560,186,1267.28,Pago,España,23:28,1
10561,186,3077.79,Compra,Argentina,16:10,0
10562,186,56.65,Transferencia,EE.UU.,09:57,0
10563,186,4926.49,Compra,España,08:21,1
10564,187,1112.95,Compra,España,17:18,0
10565,188,2853.71,Pago,Argentina,06:44,0
10566,188,2699.91,Pago,Colombia,16:21,0
10567,188,805.93,Transferencia,Argentina,05:07,1
10568,189,963.3,Pago,Colombia,16:26,0
10569,189,4272.17,Compra,España,14:19,0
10570,189,3352.96,Retiro,Argentina,15:44,0
10571,189,4750.1,Retiro,México,14:23,0
10572,190,4154.83,Transferencia,España,05:22,0
10573,191,2566.64,Transferencia,España,19:38,0
10574,191,655.66,Retiro,Colombia,13:02,0
10575,192,783.25,Pago,España,22:25,0
10576,192,2378.11,Transferencia,España,02:35,0
10577,192,2718.15,Transferencia,Colombia,13:24,0
10578,193,936.01,Pago,Colombia,05:27,1
10579,193,4122.74,Compra,Colombia,01:00,0
10580,193,964.3,Compra,Colombia,18:08,0
10581,193,2896.69,Retiro,Colombia,00:42,0
10582,193,1479.89,Transferencia,Colombia,00:06,0
10583,194,2140.55,Retiro,EE.UU.,02:04,0
10584,194,828.99,Pago,Colombia,06:37,1
10585,194,,Transferencia,Argentina,23:25,0
10586,194,4851.3,Pago,Colombia,18:42,0
10587,195,2935.6,Pago,España,13:31,0
10588,196,2253.75,Compra,España,15:47,0
10589,196,3619.28,Retiro,Argentina,16:43,0
10590,196,3513.42,Pago,España,12:48,0
10591,196,1948.65,Pago,Colombia,15:37,0
10592,196,768.25,Pago,EE.UU.,00:38,0
10593,197,865.77,Retiro,Colombia,18:33,0
10594,198,1694.73,Transferencia,México,01:23,1
10595,198,4741.66,Pago,España,20:20,0
10596,198,1440.35,Transferencia,EE.UU.,08:41,0
10597,198,1552.02,Retiro,Colombia,20:02,0
10598,198,3333.95,Transferencia,Colombia,16:54,0
10599,199,4352.6,Pago,México,00:30,0
10600,199,1461.55,Transferencia,Argentina,09:22,0
10601,199,4169.63,Transferencia,EE.UU.,13:37,0
10602,199,3019.69,Compra,México,15:30,0
10603,200,16.63,Transferencia,México,19:21,0
10604,200,1744.74,Compra,Argentina,08:26,0
10605,200,4565.54,Compra,Argentina,22:01,0
10606,200,2110.73,Transferencia,EE.UU.,12:44,0
10607,201,3076.41,Compra,Colombia,21:27,0
10608,201,242.4,Pago,Argentina,01:12,0
10609,201,1953.6,Compra,España,22:11,0
10610,202,4323.48,Retiro,México,13:36,0
10611,202,3517.05,Pago,España,02:42,0
10612,202,3783.33,Retiro,Argentina,22:39,0
10613,202,3941.09,Compra,EE.UU.,07:28,0
10614,202,697.04,Retiro,Colombia,06:01,0
10615,203,2651.16,Pago,EE.UU.,23:06,0
10616,203,136.9,Pago,México,16:05,0
10617,203,4609.27,Pago,EE.UU.,11:53,0
10618,203,285.68,Transferencia,México,20:44,0
10619,204,2865.07,Transferencia,Colombia,02:30,0
10620,204,2069.08,Transferencia,Colombia,16:57,0
10621,205,3540.7,Transferencia,Argentina,09:41,0
10622,205,3200.15,Transferencia,EE.UU.,09:48,0
10623,205,2405.67,Transferencia,Argentina,21:21,0
10624,205,4054.67,Retiro,México,21:53,0
10625,206,4299.49,Retiro,Argentina,05:23,0
10626,206,1826.26,Retiro,España,18:25,0
10627,206,4816.92,Compra,Argentina,04:55,0
10628,206,1913.89,Retiro,Colombia,10:51,0
10629,207,2251.29,Compra,México,17:03,0
10630,207,3004.58,Transferencia,Colombia,23:07,1
10631,208,3250.0,Retiro,Argentina,18:30,0
10632,208,414.33,Compra,Colombia,09:13,0
10633,208,4650.92,Compra,Argentina,02:28,0
10634,208,4693.42,Retiro,Argentina,11:24,0
10635,208,1308.06,Pago,México,19:17,0
10636,209,4323.3,Retiro,EE.UU.,22:43,0
10637,209,4211.61,Compra,Colombia,19:04,0
10638,209,3947.1,Retiro,Argentina,13:00,0
10639,209,1408.3,Compra,México,21:38,0
10640,209,2709.35,Transferencia,EE.UU.,05:14,0
10641,210,1652.81,Transferencia,Colombia,23:49,1
10642,210,2183.52,Pago,Argentina,14:06,0
10643,211,3507.08,Retiro,EE.UU.,22:17,0
10644,212,4181.37,Pago,México,03:30,0
10645,212,1555.27,Pago,México,11:51,0
10646,212,3954.94,Pago,México,19:03,0
10647,212,4546.6,Retiro,España,21:52,0
10648,212,4898.94,Pago,México,01:47,0
10649,213,2099.57,Pago,México,04:13,0
10650,213,1095.21,Transferencia,EE.UU.,04:21,0
10651,213,4153.11,Transferencia,España,02:17,0
10652,214,4311.15,Transferencia,Colombia,14:15,1
10653,214,2136.29,Pago,México,00:40,1
10654,215,1637.64,Pago,EE.UU.,18:09,0
10655,215,,Transferencia,México,03:32,0
10656,215,457.53,Retiro,Argentina,04:30,0
10657,215,4743.6,Retiro,EE.UU.,01:38,0
10658,215,1117.24,Retiro,Argentina,20:01,1
10659,216,3851.88,Transferencia,Colombia,00:41,0
10660,216,3870.78,Compra,México,10:41,0
10661,217,1886.7,Transferencia,Argentina,17:52,1
10662,217,403.3,Compra,Argentina,14:27,1
10663,218,3168.93,Retiro,Colombia,07:36,0
10664,218,4457.91,Retiro,EE.UU.,13:54,0
10665,218,1150.52,Compra,Colombia,20:13,0
10666,218,4881.56,Pago,EE.UU.,21:33,0
10667,218,4753.85,Pago,España,20:30,0
10668,219,2513.66,Compra,México,20:46,1
10669,219,4334.22,Transferencia,EE.UU.,05:47,0
10670,219,1217.1,Retiro,México,12:01,0
10671,220,667.77,Compra,Colombia,01:46,1
10672,220,2468.17,Transferencia,España,02:51,0
10673,220,4938.56,Compra,EE.UU.,23:21,1
10674,220,3320.09,Transferencia,EE.UU.,17:36,0
10675,221,880.92,Pago,Colombia,04:16,0
10676,221,3061.55,Pago,España,03:58,0
10677,221,3177.0,Pago,México,18:58,0
10678,221,972.55,Transferencia,Argentina,15:30,1
10679,222,322.34,Pago,Colombia,15:40,0
10680,222,4065.69,Compra,EE.UU.,04:21,0
10681,222,640.71,Transferencia,Argentina,19:37,0
10682,223,3106.26,Transferencia,España,13:31,0
10683,223,667.7,Pago,Argentina,17:04,0
10684,224,1962.82,Retiro,Argentina,18:28,0
10685,224,3891.43,Pago,EE.UU.,12:08,0
10686,224,4397.79,Pago,EE.UU.,03:48,0
10687,224,2238.3,Pago,Argentina,14:08,0
10688,224,3504.07,Pago,EE.UU.,21:49,0
10689,225,1506.05,Pago,EE.UU.,12:18,0
10690,225,2484.23,Transferencia,México,07:07,0
10691,225,1020.23,Compra,Colombia,05:43,0
10692,225,2775.57,Pago,México,14:48,0
10693,225,2144.13,Compra,Argentina,03:14,1
10694,226,3402.63,Transferencia,España,03:40,0
10695,226,3805.24,Compra,Argentina,09:05,0
10696,226,373.63,Compra,México,18:34,0
10697,226,1924.13,Compra,EE.UU.,15:53,1
10698,226,3453.8,Retiro,EE.UU.,06:48,0
10699,227,4681.67,Transferencia,EE.UU.,07:47,0
10700,227,4246.54,Transferencia,EE.UU.,14:48,0
10701,228,2689.34,Retiro,Argentina,12:04,0
10702,228,924.93,Retiro,Argentina,13:57,0
10703,228,2294.81,Pago,España,19:57,0
10704,228,1853.13,Retiro,Colombia,04:36,0
10705,228,952.43,Transferencia,Argentina,06:42,0
10706,229,2285.7,Compra,Argentina,23:09,0
10707,229,2405.59,Retiro,Argentina,16:29,0
10708,229,,Retiro,EE.UU.,15:11,0
10709,230,1910.44,Transferencia,Colombia,08:54,0
10710,231,3071.8,Transferencia,México,19:39,0
10711,232,,Retiro,España,07:40,0
10712,232,3562.26,Transferencia,España,08:14,0
10713,232,3224.43,Retiro,Colombia,01:56,0
10714,232,688.07,Retiro,Argentina,03:28,0
10715,233,747.35,Pago,México,22:33,0
10716,234,4466.51,Pago,Argentina,10:38,0
10717,234,1843.19,Transferencia,EE.UU.,15:12,1
10718,234,4061.31,Compra,México,22:23,0
10719,234,4014.5,Pago,España,02:50,0
10720,234,2185.39,Pago,Colombia,03:16,0
10721,235,1880.5,Compra,España,17:23,1
10722,235,4241.22,Compra,España,00:09,0
10723,235,773.97,Transferencia,México,17:56,0
10724,235,178.06,Pago,México,04:33,0
10725,235,2090.19,Retiro,México,23:41,0
10726,236,4630.16,Pago,Argentina,06:29,0
10727,236,4232.86,Pago,España,03:21,0
10728,237,4719.1,Pago,España,00:16,1
10729,237,4952.62,Transferencia,Argentina,20:59,0
10730,237,1473.08,Pago,Colombia,15:07,0
10731,237,2191.14,Pago,EE.UU.,13:40,0
10732,238,445.45,Retiro,México,16:40,1
10733,238,100.45,Transferencia,Argentina,08:42,0
10734,239,2956.62,Pago,México,23:50,0
10735,240,31.87,Pago,Colombia,08:33,0
10736,240,3447.06,Retiro,México,11:57,1
10737,240,3318.64,Retiro,Argentina,02:19,0
10738,240,1955.49,Transferencia,España,05:52,0
10739,240,1210.1,Pago,EE.UU.,19:09,0
10740,241,3382.37,Transferencia,Colombia,14:04,0
10741,241,4203.29,Retiro,México,23:02,1
10742,242,4479.9,Pago,Colombia,09:51,1
10743,242,612.91,Retiro,México,14:31,0
10744,243,1619.73,Retiro,España,00:35,0
10745,243,3360.0,Transferencia,Colombia,08:24,0
10746,243,3470.38,Compra,España,14:03,0
10747,243,2987.19,Transferencia,México,14:06,1
10748,244,3993.55,Compra,México,06:55,0
10749,244,3638.4,Retiro,España,01:13,0
10750,245,1233.98,Transferencia,EE.UU.,15:33,0
10751,245,4715.0,Transferencia,Colombia,20:47,0
10752,245,3290.57,Compra,Colombia,23:33,0
10753,246,321.5,Compra,Argentina,02:21,0
10754,246,4198.04,Compra,Argentina,02:33,0
10755,246,1706.88,Compra,México,16:29,0
10756,247,3141.19,Compra,Argentina,10:27,0
10757,248,3196.15,Compra,Argentina,08:25,0
10758,248,3678.13,Retiro,Argentina,15:21,0
10759,249,2597.66,Retiro,Argentina,19:55,1
10760,249,3063.09,Transferencia,Colombia,13:26,1
10761,249,,Transferencia,Argentina,05:59,0
10762,249,4986.3,Compra,España,13:23,0
10763,250,416.83,Transferencia,España,07:39,0
10764,250,823.67,Retiro,Argentina,22:51,0
10765,250,3326.49,Transferencia,Colombia,09:22,1
10766,250,4453.34,Pago,Argentina,13:18,0
10767,251,3846.8,Pago,México,19:40,0
10768,252,4063.51,Retiro,México,10:42,0
10769,252,1570.91,Retiro,España,12:24,0
10770,252,507.07,Compra,España,21:35,0
10771,252,2324.57,Transferencia,México,13:56,0
10772,253,4083.24,Retiro,Argentina,00:11,0
10773,253,4569.6,Compra,Colombia,15:20,0
10774,253,2709.53,Transferencia,EE.UU.,20:10,0
10775,253,40.1,Transferencia,Argentina,05:31,0
10776,254,4088.66,Transferencia,España,04:22,0
10777,254,119.68,Pago,México,18:24,0
10778,255,4682.78,Compra,México,21:10,1
10779,255,3763.32,Transferencia,Argentina,04:34,0
10780,256,3115.5,Transferencia,España,08:41,0
10781,256,,Pago,EE.UU.,19:16,0
10782,257,2805.1,Pago,Argentina,15:58,0
10783,258,2910.69,Transferencia,Argentina,17:30,1
10784,258,2132.82,Retiro,España,04:21,0
10785,259,3338.99,Pago,EE.UU.,23:32,0
10786,259,4492.18,Compra,Argentina,03:12,0
10787,259,3295.54,Retiro,España,03:39,0
10788,259,2775.09,Transferencia,México,12:11,1
10789,260,882.89,Transferencia,EE.UU.,20:59,0
10790,261,4001.93,Retiro,EE.UU.,01:18,0
10791,261,1971.33,Retiro,México,11:48,0
10792,261,157.04,Retiro,Colombia,12:24,0
10793,261,187.88,Pago,EE.UU.,17:10,0
10794,261,375.28,Retiro,Argentina,18:08,0
10795,262,1917.6,Retiro,México,11:25,0
10796,263,3410.77,Compra,Colombia,17:13,0
10797,264,3942.91,Pago,Argentina,00:10,0
10798,264,2246.64,,EE.UU.,22:19,0
10799,265,3682.01,Compra,España,16:48,0
10800,265,4965.92,Transferencia,EE.UU.,01:30,0
10801,265,530.29,Pago,Argentina,14:09,0
10802,265,1203.22,Transferencia,España,21:25,1
10803,266,4280.42,Transferencia,México,14:09,1
10804,266,1832.0,Pago,España,09:13,1
10805,266,3149.92,Retiro,Argentina,22:37,0
10806,266,1504.65,Transferencia,México,04:52,0
10807,267,1183.44,Pago,Argentina,18:03,0
10808,267,309.14,Compra,México,15:14,0
10809,267,148.82,Transferencia,España,05:31,0
10810,267,4576.58,Retiro,Argentina,23:07,0
10811,268,3741.47,Retiro,EE.UU.,07:45,0
10812,268,3635.11,Transferencia,EE.UU.,00:16,0
10813,269,3730.4,Retiro,EE.UU.,17:27,0
10814,269,4840.75,Transferencia,Colombia,20:53,0
10815,270,3745.49,Transferencia,México,23:24,0
10816,271,224.31,Retiro,México,14:28,0
10817,271,2808.67,Pago,México,13:10,0
10818,271,4369.19,Compra,Colombia,18:03,1
10819,271,131.02,Pago,México,03:02,0
10820,272,1588.9,Compra,México,20:21,0
10821,272,827.48,Transferencia,España,13:16,0
10822,272,169.95,Transferencia,Argentina,21:45,0
10823,273,1336.57,Transferencia,EE.UU.,05:12,0
10824,274,2181.6,Transferencia,EE.UU.,03:40,0
10825,274,1589.5,Compra,Colombia,13:40,0
10826,274,1145.03,Retiro,Argentina,10:46,0
10827,275,1830.28,Transferencia,México,12:51,0
10828,275,3056.24,Retiro,México,11:06,0
10829,275,4198.08,Pago,Colombia,07:53,0
10830,275,4155.47,Retiro,Argentina,23:02,0
10831,275,4915.92,Transferencia,España,13:06,0
10832,276,791.16,Pago,Argentina,21:26,0
10833,277,4317.83,Transferencia,España,17:31,1
10834,277,1385.54,Transferencia,EE.UU.,08:23,0
10835,277,1819.16,Pago,Argentina,06:32,0
10836,277,2522.49,Compra,Argentina,05:01,0
10837,278,127.35,Pago,España,05:21,0
10838,278,3054.54,Retiro,México,15:34,0
10839,278,195.95,Retiro,Colombia,17:31,0
10840,279,2419.77,Compra,Argentina,01:11,0
10841,280,2851.46,Retiro,México,08:43,0
10842,280,4485.09,Compra,México,01:39,0
10843,281,4255.85,Retiro,Colombia,21:38,0
10844,281,2150.69,Transferencia,EE.UU.,04:57,0
10845,281,3953.12,Retiro,España,13:48,0
10846,281,1820.01,Pago,Colombia,20:37,0
10847,281,832.24,Transferencia,Colombia,13:36,0
10848,282,1421.82,Retiro,Argentina,18:30,0
10849,282,3941.96,Compra,EE.UU.,20:58,0
10850,282,3342.98,Retiro,Colombia,11:18,0
10851,282,2586.04,Retiro,Colombia,12:18,0
10852,283,2539.56,Retiro,México,08:42,0
10853,284,706.78,Retiro,Argentina,03:02,0
10854,284,1271.79,Pago,México,06:52,0
10855,284,986.87,Compra,Argentina,11:51,0
10856,284,3892.2,Retiro,Colombia,05:01,1
10857,284,855.53,Transferencia,España,13:34,0
10858,285,2154.3,Pago,España,10:34,0
10859,285,1137.01,Compra,Argentina,10:06,0
10860,286,465.36,Compra,EE.UU.,20:23,0
10861,286,3313.46,Retiro,EE.UU.,14:20,0
10862,286,2106.35,Retiro,EE.UU.,04:29,0
10863,286,4310.7,Transferencia,Colombia,23:19,0
10864,287,1758.05,Compra,EE.UU.,07:17,0
10865,287,2293.53,Pago,México,14:39,0
10866,287,2381.36,Retiro,EE.UU.,00:37,0
10867,287,1482.51,Transferencia,México,09:09,0
10868,288,892.99,Transferencia,México,11:25,0
10869,289,1550.61,Pago,Argentina,22:42,0
10870,289,3783.33,Transferencia,Argentina,20:21,0
10871,289,4956.04,Pago,Colombia,12:59,0
10872,289,,Retiro,Colombia,13:36,0
10873,290,3411.79,Pago,Argentina,05:14,0
10874,290,3928.38,Compra,España,07:49,0
10875,290,4163.55,Transferencia,Argentina,04:59,0
10876,290,2125.94,Pago,Colombia,11:17,1
10877,291,4516.57,Pago,EE.UU.,17:42,0
10878,291,4526.29,Pago,España,12:38,0
10879,292,3934.31,Compra,México,21:06,0
10880,292,3187.38,Transferencia,Argentina,09:00,0
10881,292,554.42,Compra,Argentina,03:37,0
10882,293,,Compra,México,00:26,0
10883,294,1283.7,Retiro,EE.UU.,00:33,0
10884,295,4800.06,Transferencia,Colombia,09:21,0
10885,295,1852.42,Compra,México,13:54,0
10886,295,2879.16,Transferencia,Argentina,20:01,0
10887,295,637.87,Retiro,España,23:02,0
10888,295,515.68,Retiro,México,02:01,0
10889,296,751.17,Pago,EE.UU.,23:30,0
10890,296,1589.22,Compra,España,18:30,0
10891,296,1488.58,Transferencia,México,04:55,0
10892,296,4551.4,Pago,Argentina,18:32,0
10893,297,3867.03,Pago,México,13:28,0
10894,297,2244.08,Transferencia,España,17:41,0
10895,297,2125.65,Transferencia,Argentina,16:53,0
10896,298,3379.77,Pago,España,21:53,0
10897,298,1299.84,Transferencia,Colombia,02:46,0
10898,298,1951.34,Retiro,Argentina,09:29,1
10899,299,3572.73,Transferencia,México,09:22,0
10900,299,2284.47,Compra,México,23:09,0
10901,299,3823.98,Transferencia,EE.UU.,10:46,0
10902,299,3290.71,Retiro,México,05:58,0
10903,300,1240.81,Compra,España,05:15,1
10904,300,3742.02,Transferencia,Argentina,07:08,0
10905,300,4915.68,Compra,EE.UU.,04:18,0
10906,300,,Transferencia,EE.UU.,01:19,0
10907,301,1941.63,Compra,EE.UU.,00:48,0
10908,301,3208.71,Compra,Argentina,16:31,0
10909,301,2684.62,Pago,México,22:51,0
10910,301,583.65,Compra,México,20:43,0
10911,302,3650.8,Compra,Colombia,10:55,0
10912,303,754.85,Pago,España,03:19,0
10913,304,3265.56,Compra,EE.UU.,05:46,0
10914,304,2918.65,Pago,Argentina,05:23,0
10915,304,518.86,Transferencia,EE.UU.,14:04,0
10916,305,549.29,Transferencia,México,06:12,1
10917,306,753.06,Pago,Colombia,21:11,0
10918,306,1066.54,Compra,EE.UU.,13:40,0
10919,306,2661.53,Transferencia,EE.UU.,09:31,0
10920,307,3059.89,Compra,EE.UU.,10:04,0
10921,307,673.97,Compra,EE.UU.,20:45,0
10922,307,1338.21,Transferencia,España,03:18,0
10923,308,4379.63,Pago,España,15:52,0
10924,308,313.72,Compra,México,21:26,0
10925,308,3667.68,Compra,España,00:00,0
10926,308,1805.31,Transferencia,Argentina,02:09,1
10927,309,1794.73,Transferencia,México,00:34,0
10928,309,3025.82,Pago,EE.UU.,01:52,0
10929,310,4145.1,Compra,EE.UU.,13:31,0
10930,310,1013.85,Transferencia,Colombia,10:53,0
10931,310,1384.69,Retiro,Argentina,03:14,0
10932,310,1003.5,Pago,EE.UU.,10:33,0
10933,310,2707.76,Retiro,España,23:35,0
10934,311,3505.39,Transferencia,México,20:49,1
10935,311,289.47,Pago,EE.UU.,01:44,0
10936,311,768.02,Retiro,Argentina,19:40,0
10937,312,131.33,Transferencia,Argentina,21:40,0
10938,312,3892.34,Transferencia,España,05:38,0
10939,313,4061.02,Retiro,EE.UU.,13:34,0
10940,313,876.12,Retiro,España,19:08,0
10941,313,1263.32,Compra,España,08:35,0
10942,313,978.28,Transferencia,España,21:43,0
10943,313,3839.98,Compra,Colombia,00:59,0
10944,314,754.02,Compra,Colombia,20:23,0
10945,314,417.9,Transferencia,Colombia,02:23,0
10946,314,1077.19,Pago,México,23:38,0
10947,314,4411.7,Retiro,Argentina,00:17,0
10948,315,1683.44,Compra,España,22:34,0
10949,315,424.7,Pago,EE.UU.,05:49,0
10950,315,4971.0,Pago,Colombia,16:16,0
10951,316,4716.16,Compra,México,21:19,0
10952,316,3121.4,Compra,Argentina,14:41,1
10953,316,3382.21,Transferencia,Colombia,00:43,0
10954,317,3587.1,Pago,Colombia,16:04,0
10955,317,3730.2,Transferencia,EE.UU.,07:40,0
10956,317,3320.1,Transferencia,Argentina,00:53,0
10957,317,4381.1,Retiro,España,00:10,0
10958,318,1031.52,Transferencia,Colombia,09:47,0
10959,318,894.21,Compra,Argentina,20:13,0
10960,318,,Pago,EE.UU.,06:11,0
10961,318,1248.19,Transferencia,Colombia,07:14,0
10962,318,3385.08,Compra,Argentina,10:48,0
10963,319,1367.13,Retiro,España,06:56,0
10964,320,1446.71,Compra,EE.UU.,01:12,0
10965,320,2223.82,Compra,Colombia,23:55,0
10966,320,453.1,Pago,EE.UU.,02:32,0
10967,320,2720.07,Compra,EE.UU.,11:33,0
10968,321,1059.67,Pago,EE.UU.,18:37,0
10969,322,481.93,Compra,Colombia,14:09,0
10970,323,3014.1,Compra,España,05:07,1
10971,323,3743.3,Retiro,EE.UU.,13:04,0
10972,324,1233.04,Compra,EE.UU.,17:30,0
10973,324,1881.23,Transferencia,EE.UU.,18:01,0
10974,324,4003.63,Compra,México,01:33,0
10975,324,3081.82,Compra,Argentina,12:10,0
10976,324,3927.55,Retiro,EE.UU.,16:29,0
10977,325,2141.72,Retiro,Colombia,04:46,0
10978,325,972.83,Pago,Argentina,13:50,0
10979,325,947.31,Retiro,EE.UU.,05:59,0
10980,325,1232.71,Retiro,EE.UU.,14:52,1
10981,326,2976.93,Compra,Argentina,12:44,0
10982,327,3420.46,Compra,México,18:19,0
10983,327,595.03,Compra,España,17:49,0
10984,327,3985.79,Pago,España,06:57,0
10985,327,2530.19,Compra,Argentina,01:19,1
10986,327,2118.29,Transferencia,México,00:00,0
10987,328,375.66,Pago,Colombia,06:37,0
10988,328,3730.38,Compra,España,01:23,0
10989,328,2433.18,Pago,España,13:54,0
10990,328,4113.03,Transferencia,México,07:44,0
10991,328,3486.35,Transferencia,México,13:29,0
10992,329,2129.77,Retiro,México,08:47,0
10993,329,4067.92,Pago,España,02:36,0
10994,329,1863.92,Retiro,México,08:09,0
10995,329,3143.94,Transferencia,Colombia,19:34,0
10996,330,3109.38,Transferencia,Colombia,03:49,0
10997,330,2339.82,Retiro,España,20:33,0
10998,330,2624.6,Compra,Colombia,20:58,0
10999,331,1217.49,Pago,Argentina,19:45,0
11000,331,591.71,Retiro,España,10:01,0
11001,331,4072.82,Pago,México,05:11,0
11002,331,3110.66,Compra,Colombia,14:02,0
11003,332,3000.91,Transferencia,Argentina,16:52,1
11004,332,2852.65,Pago,México,04:57,0
11005,332,4435.61,Transferencia,México,02:45,0
11006,332,1454.52,Retiro,Argentina,21:06,0
11007,333,4372.77,Pago,España,17:16,0
11008,333,2386.75,Pago,Argentina,20:06,0
11009,334,4555.19,Retiro,Colombia,23:47,0
11010,334,4671.37,Transferencia,Colombia,23:23,0
11011,335,3822.35,Pago,España,22:09,0
11012,335,1021.16,Pago,México,18:57,0
11013,335,1479.77,Retiro,España,20:55,1
11014,335,3922.28,Compra,Colombia,21:55,0
11015,336,3377.12,Transferencia,España,21:36,0
11016,337,3341.85,Retiro,EE.UU.,07:34,0
11017,338,1353.01,Transferencia,Argentina,02:07,0
11018,338,3781.26,Retiro,EE.UU.,17:28,0
11019,338,513.53,Transferencia,España,00:57,0
11020,338,1460.49,Pago,Colombia,04:56,0
11021,338,2542.86,Compra,Argentina,02:21,1
11022,339,1493.15,Compra,Argentina,19:07,0
11023,339,2210.27,Pago,Colombia,17:45,1
11024,340,3256.96,Retiro,Colombia,02:54,0
11025,340,685.66,Pago,Argentina,21:53,0
11026,340,2002.69,Retiro,España,16:56,0
11027,340,561.7,Pago,España,18:58,1
11028,341,2254.65,Transferencia,EE.UU.,05:58,0
11029,341,3527.83,Pago,España,22:58,0
11030,342,2861.62,Transferencia,Colombia,23:16,0
11031,342,1778.85,Compra,México,16:56,1
11032,342,70.5,Compra,México,10:25,0
11033,342,3345.72,Compra,Argentina,16:32,0
11034,342,1966.7,Compra,España,19:50,0
11035,343,1815.48,Compra,EE.UU.,13:43,0
11036,344,2420.01,Retiro,Colombia,15:17,0
11037,344,1868.77,Compra,Argentina,22:13,1
11038,344,1385.74,Compra,EE.UU.,00:58,1
11039,344,492.63,Retiro,Argentina,21:11,0
11040,344,4973.85,Pago,España,05:12,0
11041,345,,Pago,México,18:57,0
11042,346,298.81,Compra,México,19:58,0
11043,346,2057.28,Pago,España,19:47,0
11044,347,1685.44,Pago,México,22:25,0
11045,347,3168.17,Compra,Argentina,11:21,0
11046,347,2514.72,Compra,Colombia,22:13,0
11047,347,776.09,Pago,Argentina,13:09,0
11048,348,137.07,Compra,Colombia,17:46,0
11049,349,3146.76,Retiro,España,13:08,0
11050,349,3802.71,Transferencia,España,07:59,0
11051,349,1101.69,Compra,EE.UU.,06:41,0
11052,349,1195.34,Pago,Colombia,16:23,0
11053,350,259.52,Retiro,Colombia,04:06,0
11054,350,4384.84,Pago,España,11:07,0
11055,350,2948.52,Retiro,España,00:23,0
11056,351,1912.2,Pago,España,13:02,0
11057,351,4669.97,Pago,Colombia,05:45,0
11058,352,931.67,Compra,EE.UU.,06:19,0
11059,352,4094.39,Retiro,EE.UU.,06:37,0
11060,352,838.03,Pago,Argentina,19:29,0
11061,353,1899.69,Transferencia,EE.UU.,12:02,0
11062,353,2937.46,Transferencia,EE.UU.,01:36,0
11063,354,1069.54,Pago,Argentina,21:35,1
11064,354,444.59,Pago,España,05:16,0
11065,354,4311.65,Retiro,EE.UU.,21:08,0
11066,355,2325.28,Transferencia,Argentina,06:40,0
11067,355,3887.52,Pago,Argentina,02:26,1
11068,356,3902.22,Transferencia,Colombia,07:27,0
11069,356,4818.61,Retiro,México,10:59,0
11070,357,1598.9,Pago,Colombia,17:42,0
11071,358,1481.45,Pago,EE.UU.,16:55,0
11072,358,3382.85,Transferencia,España,15:30,0
11073,358,2569.94,Retiro,Colombia,21:58,0
11074,359,3083.06,Retiro,EE.UU.,01:35,0
11075,359,4329.25,Pago,Colombia,06:21,0
11076,360,979.11,Transferencia,Colombia,02:51,0
11077,361,2545.95,Retiro,Argentina,22:47,0
11078,362,769.48,Transferencia,México,02:59,0
11079,362,4966.79,Retiro,EE.UU.,06:26,0
11080,362,2205.58,Transferencia,Colombia,18:14,0
11081,362,534.43,Pago,México,19:20,0
11082,362,4259.6,Transferencia,España,17:28,0
11083,363,3806.98,Compra,España,23:07,0
11084,363,3680.81,Compra,México,07:26,1
11085,363,2216.25,Transferencia,EE.UU.,04:30,0
11086,364,2885.7,Pago,EE.UU.,00:18,1
11087,365,122.34,Transferencia,Argentina,21:13,0
11088,365,162.41,Pago,Colombia,05:45,0
11089,365,4388.14,Pago,EE.UU.,18:20,0
11090,366,1259.92,Retiro,México,01:36,0
11091,366,2773.43,Compra,España,20:05,0
11092,366,3727.03,Retiro,España,01:52,0
11093,366,1733.25,Pago,México,18:50,0
11094,366,1004.53,Compra,México,09:50,0
11095,367,3943.92,Compra,México,01:35,0
11096,367,2187.51,Transferencia,Colombia,21:50,0
11097,367,3535.31,Pago,México,15:49,0
11098,367,,,España,13:33,0
11099,367,3952.61,Compra,España,10:36,1
11100,368,3347.72,Pago,EE.UU.,02:00,0
11101,368,2384.96,Compra,EE.UU.,23:40,0
11102,368,1939.87,Pago,Argentina,03:37,0
11103,368,2743.57,Pago,EE.UU.,10:19,0
11104,369,970.97,Retiro,México,05:02,0
11105,369,2941.8,Retiro,México,17:30,0
11106,370,2906.62,Pago,Argentina,12:10,0
11107,371,3310.89,Compra,Colombia,10:25,0
11108,372,1720.51,Pago,España,06:30,0
11109,372,4458.73,Compra,EE.UU.,14:02,0
11110,373,4850.65,Retiro,España,16:39,0
11111,373,4627.56,Transferencia,México,10:47,0
11112,374,1126.86,Compra,Colombia,07:01,0
11113,374,1505.79,Transferencia,México,06:10,1
11114,374,3177.24,Retiro,Colombia,03:41,0
11115,374,3952.97,Compra,Argentina,08:54,0
11116,374,1116.66,Transferencia,Argentina,05:25,0
11117,375,3978.4,Pago,España,19:23,0
11118,375,2833.56,Retiro,EE.UU.,01:23,0
11119,375,2419.78,Pago,México,19:32,0
11120,376,4507.38,Transferencia,México,17:46,0
11121,376,549.92,Pago,México,01:28,0
11122,376,1076.9,Compra,Argentina,14:12,1
11123,376,4624.06,Pago,EE.UU.,00:05,0
11124,377,2102.09,Pago,Colombia,00:43,1
11125,378,4956.99,Pago,Colombia,00:35,0
11126,379,424.62,Transferencia,Colombia,01:24,0
11127,379,,Transferencia,Colombia,14:43,0
11128,379,1680.51,Compra,México,17:34,0
11129,380,4536.63,Pago,México,00:51,0
11130,380,3793.51,Transferencia,México,22:59,0
11131,380,4383.31,Pago,Argentina,14:08,0
11132,381,1219.55,Transferencia,Argentina,20:27,0
11133,381,4172.03,Pago,España,08:04,0
11134,382,612.13,Pago,Argentina,05:52,0
11135,382,2020.68,Retiro,México,16:51,0
11136,383,2610.6,Transferencia,EE.UU.,19:50,0
11137,383,2722.03,Compra,Colombia,12:42,0
11138,384,4334.87,Pago,Colombia,15:46,0
11139,384,4248.65,Compra,Colombia,09:08,0
11140,384,4443.41,Transferencia,México,08:46,0
11141,384,451.0,Pago,Colombia,13:00,0
11142,385,608.74,Pago,España,05:20,0
11143,385,2474.54,Retiro,Argentina,08:54,0
11144,385,3816.36,Transferencia,Colombia,06:29,0
11145,386,3303.76,Transferencia,Argentina,00:26,0
11146,386,1854.95,Transferencia,EE.UU.,02:23,0
11147,386,1506.82,Transferencia,EE.UU.,16:53,0
11148,387,1984.59,Pago,México,06:37,0
11149,387,311.35,Transferencia,EE.UU.,08:43,0
11150,387,3079.01,Retiro,México,05:03,0
11151,388,4792.85,Transferencia,Colombia,14:04,0
11152,388,4205.52,Transferencia,Argentina,16:01,0
11153,389,2811.76,Retiro,España,19:05,1
11154,389,1473.31,Transferencia,Argentina,15:04,0
11155,389,518.22,Pago,México,08:38,0
11156,390,1720.59,Compra,Colombia,12:06,0
11157,390,4561.32,Compra,Argentina,06:27,0
11158,390,2524.9,Pago,México,02:32,0
11159,390,1910.02,Transferencia,Colombia,08:58,0
11160,390,2978.62,Compra,EE.UU.,10:23,1
11161,391,1819.2,Pago,Colombia,11:29,0
11162,392,4290.89,Transferencia,Argentina,14:50,0
11163,392,1672.58,Transferencia,Colombia,15:37,0
11164,392,722.75,Retiro,México,09:14,0
11165,393,3697.94,Retiro,Colombia,17:15,0
11166,394,273.33,Compra,España,09:48,0
11167,394,3477.47,Transferencia,Argentina,00:47,0
11168,394,2662.17,Retiro,México,20:46,0
11169,395,4035.24,Transferencia,México,18:33,1
11170,395,1668.52,Pago,México,02:05,0
11171,395,1568.45,Compra,EE.UU.,10:01,0
11172,395,482.18,Pago,EE.UU.,08:14,0
11173,395,3539.3,Compra,México,13:25,0
11174,396,1468.24,Transferencia,EE.UU.,19:56,1
11175,396,2865.05,Retiro,EE.UU.,08:16,0
11176,396,2832.25,Compra,Argentina,12:42,0
11177,396,2501.1,Transferencia,Colombia,03:22,0
11178,396,4828.71,Compra,Argentina,10:45,0
11179,397,3448.83,Transferencia,México,10:00,0
11180,397,3372.03,Transferencia,Argentina,19:54,0
11181,398,1041.82,Transferencia,EE.UU.,12:01,0
11182,398,1629.04,Compra,Argentina,16:40,0
11183,398,2303.36,Transferencia,EE.UU.,14:08,0
11184,398,90.1,Retiro,Argentina,18:55,0
11185,399,3451.35,Compra,España,00:33,0
11186,399,4498.07,Compra,EE.UU.,15:02,0
11187,399,4832.03,Transferencia,Colombia,11:17,1
11188,399,1516.77,Retiro,Colombia,06:02,0
11189,399,1136.65,Retiro,México,04:39,0
11190,400,1077.24,Pago,Colombia,14:38,0
11191,400,3541.86,Transferencia,España,11:21,0
11192,400,1047.42,Pago,EE.UU.,09:22,1
11193,401,4852.68,Compra,EE.UU.,23:35,0
11194,401,511.3,Compra,Colombia,11:00,0
11195,401,3564.75,Pago,Colombia,03:58,0
11196,402,3250.62,Transferencia,Argentina,01:30,0
11197,403,1141.17,Compra,España,21:30,0
11198,403,,Transferencia,España,06:51,0
11199,403,3119.69,Compra,EE.UU.,23:55,0
11200,403,4946.33,Retiro,Colombia,19:53,0
11201,403,1089.59,Retiro,Argentina,06:54,0
11202,404,2328.29,Retiro,España,15:27,0
11203,404,4018.15,Retiro,España,22:43,1
11204,404,247.92,Transferencia,EE.UU.,23:34,0
11205,404,2897.72,Pago,EE.UU.,04:30,0
11206,405,2200.66,Compra,Colombia,17:59,0
11207,405,1227.0,Compra,Argentina,11:09,0
11208,405,3632.42,Compra,Argentina,01:51,1
11209,406,1151.48,Compra,EE.UU.,01:08,0
11210,406,2241.37,Pago,Colombia,10:11,0
11211,406,635.73,Transferencia,Argentina,19:24,0
11212,406,2052.92,Retiro,Argentina,10:33,0
11213,407,1270.08,Pago,Argentina,05:41,1
11214,407,4939.74,Pago,EE.UU.,06:59,0
11215,407,1685.62,Compra,EE.UU.,11:13,0
11216,407,4659.55,Retiro,EE.UU.,11:02,0
11217,407,3706.94,Pago,México,12:30,0
11218,408,3176.13,Pago,Colombia,23:24,0
11219,408,4287.43,Pago,España,09:40,1
11220,408,3592.32,Pago,México,08:04,0
11221,408,2292.81,Pago,EE.UU.,06:22,0
11222,408,758.44,Transferencia,Argentina,05:33,0
11223,409,4221.02,Transferencia,Argentina,08:36,0
11224,409,751.4,Compra,EE.UU.,19:25,0
11225,409,2974.94,Transferencia,Colombia,16:24,0
11226,409,3094.51,Pago,Colombia,10:03,0
11227,410,3166.52,Pago,Argentina,01:22,0
11228,410,136.16,Retiro,México,08:21,0
11229,410,4035.75,Transferencia,México,08:51,0
11230,411,2508.03,Transferencia,EE.UU.,05:39,0
11231,411,3795.57,Pago,Argentina,01:17,0
11232,411,3070.76,Transferencia,Colombia,06:16,0
11233,411,805.68,Retiro,EE.UU.,15:11,0
11234,411,1200.13,Pago,España,02:41,0
11235,412,3516.02,Pago,Argentina,18:39,0
11236,412,4856.4,Transferencia,EE.UU.,00:05,0
11237,412,1057.98,Pago,Argentina,22:40,0
11238,412,1712.2,Retiro,EE.UU.,16:23,0
11239,412,4413.3,Compra,México,03:51,1
11240,413,3814.03,Transferencia,España,02:14,0
11241,414,1860.72,Pago,Argentina,18:33,0
11242,414,2933.95,Compra,Colombia,04:18,0
11243,414,4474.51,Retiro,Colombia,22:41,0
11244,414,3283.47,Pago,México,16:52,0
11245,414,2743.59,Retiro,México,09:14,0
11246,415,2572.64,Transferencia,México,14:45,0
11247,416,4434.26,,México,01:31,0
11248,416,571.37,Transferencia,Colombia,22:43,0
11249,417,3260.78,Transferencia,Argentina,03:46,0
11250,417,1963.34,Compra,EE.UU.,06:20,0
11251,418,3120.71,Compra,México,16:35,0
11252,418,3285.21,Retiro,EE.UU.,18:13,0
11253,419,1090.84,Compra,España,01:36,0
11254,419,153.9,Pago,México,02:40,0
11255,419,4427.44,Pago,Colombia,20:57,0
11256,420,270.42,Compra,EE.UU.,12:43,0
11257,420,1557.57,Transferencia,Argentina,10:37,0
11258,421,3359.48,Transferencia,Argentina,04:16,0
11259,421,541.48,Compra,Colombia,14:18,0
11260,421,3929.11,Pago,Argentina,22:43,0
11261,422,3556.11,Pago,Argentina,15:26,0
11262,423,2514.42,Retiro,Argentina,05:18,0
11263,423,2476.88,Retiro,EE.UU.,05:56,0
11264,423,226.84,Compra,Colombia,08:21,0
11265,424,211.53,Pago,EE.UU.,16:18,0
11266,424,3608.73,Compra,EE.UU.,00:19,0
11267,425,1005.74,Compra,EE.UU.,04:03,0
11268,425,3603.56,Retiro,México,11:23,0
11269,426,1781.11,Transferencia,México,04:00,0
11270,426,4660.42,Compra,Colombia,06:36,0
11271,427,2467.55,Retiro,EE.UU.,18:08,0
11272,428,,Pago,España,12:28,0
11273,428,3321.17,Retiro,EE.UU.,15:55,0
11274,429,2352.88,Transferencia,México,22:38,0
11275,429,511.53,Retiro,España,21:54,0
11276,429,3087.73,Retiro,España,20:40,0
11277,429,4760.81,Retiro,México,01:26,0
11278,430,1203.33,Pago,México,18:34,0
11279,430,1782.54,Retiro,México,16:39,0
11280,430,4275.16,Compra,México,08:26,0
11281,430,700.41,Retiro,Argentina,13:49,0
11282,431,173.0,Transferencia,EE.UU.,00:10,0
11283,431,4686.8,Pago,España,23:48,0
11284,431,1460.88,Pago,Argentina,22:13,0
11285,431,3063.57,Retiro,España,06:36,0
11286,432,3640.82,Compra,España,18:45,0
11287,433,4473.4,Pago,Argentina,20:50,0
11288,433,1442.57,Transferencia,Colombia,12:04,0
11289,433,4021.27,Transferencia,España,19:27,0
11290,433,1792.56,Pago,EE.UU.,12:11,0
11291,434,623.58,Transferencia,Argentina,11:25,0
11292,434,4351.91,,Argentina,15:00,0
11293,434,672.28,Transferencia,EE.UU.,05:12,0
11294,435,1646.44,Pago,México,12:52,0
11295,435,72.68,Compra,EE.UU.,03:29,0
11296,435,3934.55,Retiro,España,03:10,0
11297,436,4694.27,Compra,Colombia,15:10,0
11298,437,2936.05,Retiro,EE.UU.,23:11,0
11299,437,1015.85,Compra,EE.UU.,10:44,0
11300,437,3960.89,Retiro,España,04:07,0
11301,438,,Transferencia,México,11:08,0
11302,438,685.18,Compra,España,12:10,0
11303,439,4300.96,Retiro,Colombia,00:25,0
11304,439,2760.44,Retiro,Colombia,02:01,0
11305,439,4345.55,Compra,EE.UU.,08:09,0
11306,440,2458.01,Compra,Argentina,22:00,0
11307,441,4966.8,Compra,Argentina,15:04,0
11308,441,1199.19,Transferencia,España,22:10,0
11309,441,1603.63,Pago,Colombia,15:10,0
11310,442,4427.27,Compra,México,15:11,0
11311,442,936.6,Transferencia,EE.UU.,10:53,0
11312,442,1000.08,Transferencia,Argentina,07:54,0
11313,442,505.18,Transferencia,EE.UU.,05:59,0
11314,443,3171.88,Transferencia,Argentina,20:46,0
11315,443,4239.86,Compra,México,15:51,0
11316,444,2662.6,Retiro,España,16:24,0
11317,444,1229.93,Pago,Argentina,06:29,0
11318,444,4849.83,Retiro,México,08:39,0
11319,444,3413.59,Retiro,Argentina,09:09,0
11320,445,879.7,Retiro,Colombia,12:27,0
11321,446,3152.06,Retiro,Argentina,13:03,1
11322,446,2910.71,Pago,Colombia,07:51,0
11323,446,857.4,Transferencia,EE.UU.,05:20,0
11324,447,4424.44,Transferencia,México,20:45,0
11325,447,3274.84,Pago,Argentina,14:57,0
11326,447,1926.29,Transferencia,Colombia,22:27,0
11327,447,3378.75,Retiro,Argentina,00:28,0
11328,448,278.37,,Argentina,22:40,0
11329,448,4526.51,Retiro,México,01:55,0
11330,448,4001.96,Retiro,México,16:10,0
11331,449,2084.66,Pago,España,15:33,0
11332,449,3793.04,Retiro,Colombia,20:41,0
11333,450,,Compra,EE.UU.,08:01,0
11334,450,4092.33,Compra,Argentina,17:22,0
11335,450,3143.09,Compra,Colombia,17:41,1
11336,450,1631.24,Retiro,España,19:36,0
11337,450,4554.95,Retiro,España,12:19,0
11338,451,,Compra,México,18:29,0
11339,451,625.33,Compra,Argentina,12:00,0
11340,452,3463.19,Retiro,Argentina,12:54,0
11341,452,2260.82,Pago,Colombia,22:52,0
11342,453,965.03,Pago,España,23:27,0
11343,454,2433.42,Transferencia,EE.UU.,15:33,0
11344,454,2281.88,Compra,Argentina,09:35,0
11345,454,1005.54,Pago,Colombia,02:58,0
11346,455,3056.91,Transferencia,España,14:13,0
11347,456,3228.62,Transferencia,España,01:42,0
11348,456,2955.48,Transferencia,España,00:31,0
11349,457,3681.48,Compra,Colombia,00:08,1
11350,457,2323.16,Retiro,EE.UU.,22:34,0
11351,458,4149.26,Compra,Argentina,11:58,0
11352,458,3266.33,Pago,Colombia,09:33,0
11353,458,395.79,Retiro,Argentina,17:18,0
11354,458,2548.74,Compra,España,05:55,0
11355,459,2128.44,Compra,México,08:34,0
11356,459,3526.1,Retiro,Argentina,18:14,0
11357,459,2322.05,Compra,España,14:31,0
11358,459,1678.29,Transferencia,Argentina,18:17,0
11359,460,511.83,Retiro,Colombia,15:07,0
11360,460,3524.96,Transferencia,EE.UU.,11:39,0
11361,461,3664.69,Pago,Colombia,10:47,0
11362,461,84.96,Pago,EE.UU.,22:49,0
11363,462,,Transferencia,España,12:34,1
11364,462,4327.6,Transferencia,EE.UU.,11:14,0
11365,462,2822.96,Transferencia,Colombia,12:14,0
11366,463,4585.03,Pago,Argentina,19:43,0
11367,463,3248.08,Pago,España,21:19,0
11368,463,3886.64,Transferencia,Argentina,14:22,0
11369,464,438.63,Compra,México,04:39,0
11370,464,2685.87,Compra,Argentina,13:09,0
11371,464,4462.46,Pago,España,15:05,0
11372,465,1940.95,Compra,España,00:32,0
11373,465,3843.16,Transferencia,EE.UU.,01:38,0
11374,466,1858.13,Retiro,Colombia,23:44,0
11375,467,4920.69,Compra,EE.UU.,03:33,1
11376,468,2856.97,Transferencia,España,10:17,0
11377,468,1894.38,Compra,España,17:41,0
11378,468,2615.94,Pago,Colombia,15:10,1
11379,468,22.6,Compra,Colombia,21:12,0
11380,468,4446.59,Compra,España,12:56,0
11381,469,2390.91,Transferencia,Argentina,01:45,0
11382,469,235.9,Compra,Argentina,17:13,0
11383,470,948.95,Pago,México,16:41,0
11384,470,1008.86,Pago,España,20:34,0
11385,470,1191.8,Retiro,EE.UU.,23:17,0
11386,470,2741.8,Compra,EE.UU.,21:59,0
11387,470,1017.19,Pago,EE.UU.,09:32,0
11388,471,3529.64,Pago,Colombia,18:27,0
11389,472,3123.89,Retiro,EE.UU.,22:16,0
11390,473,1991.91,Compra,España,02:24,0
11391,473,3012.99,Transferencia,México,05:26,0
11392,474,4473.99,Pago,Argentina,22:25,0
11393,474,4009.34,Compra,México,10:31,0
11394,474,1029.86,Transferencia,Argentina,14:33,0
11395,474,4933.8,Transferencia,México,23:51,0
11396,474,3796.5,Compra,México,04:13,0
11397,475,2860.56,Pago,Colombia,20:23,0
11398,475,4181.75,Transferencia,Argentina,19:17,0
11399,475,4449.97,Retiro,EE.UU.,08:42,1
11400,475,4414.58,Transferencia,Colombia,16:58,0
11401,475,3769.6,Pago,España,06:32,0
11402,476,3918.47,Pago,España,07:02,0
11403,477,704.79,Pago,España,15:53,0
11404,477,3259.55,Transferencia,EE.UU.,04:09,0
11405,477,4531.56,Compra,Argentina,08:45,0
11406,477,4162.12,Compra,España,17:01,1
11407,478,1850.44,Retiro,Colombia,06:29,0
11408,478,1866.71,Retiro,EE.UU.,20:59,1
11409,479,3072.74,Retiro,Colombia,07:01,0
11410,479,608.14,Retiro,EE.UU.,08:45,0
11411,479,657.23,Retiro,Colombia,16:20,0
11412,480,3172.59,Retiro,México,15:22,0
11413,481,2703.29,Pago,España,02:45,0
11414,481,377.23,Transferencia,EE.UU.,18:57,0
11415,481,2352.11,Retiro,México,06:12,0
11416,481,2347.95,Pago,México,06:53,0
11417,482,995.16,Compra,EE.UU.,04:00,1
11418,482,4536.74,Retiro,EE.UU.,12:14,0
11419,482,402.8,Pago,España,05:17,0
11420,483,2213.36,Transferencia,México,00:51,1
11421,483,1148.04,Retiro,España,09:27,0
11422,483,697.82,Compra,México,07:24,0
11423,483,624.61,Retiro,Colombia,09:02,0
11424,483,597.77,Retiro,España,03:57,1
11425,484,4787.33,Retiro,EE.UU.,07:48,0
11426,484,170.88,Compra,México,19:17,0
11427,484,628.68,Transferencia,México,21:39,0
11428,485,241.82,Transferencia,España,12:15,0
11429,486,4228.85,Retiro,Argentina,16:50,0
11430,486,3644.37,Pago,Colombia,06:07,0
11431,487,208.64,Pago,Colombia,01:04,0
11432,488,1168.64,Retiro,EE.UU.,07:23,0
11433,489,404.46,Pago,Argentina,23:17,0
11434,489,1515.5,Retiro,EE.UU.,04:31,0
11435,489,2361.53,Transferencia,Colombia,09:02,1
11436,490,2106.78,Pago,España,21:15,0
11437,490,3929.82,Pago,Argentina,17:41,0
11438,491,,Pago,España,16:01,0
11439,492,2159.78,Pago,Argentina,06:49,1
11440,492,2006.25,Retiro,Argentina,01:42,0
11441,492,4345.57,Compra,EE.UU.,08:06,0
11442,492,2321.45,Transferencia,Colombia,17:22,0
11443,492,4301.71,Transferencia,Argentina,03:29,0
11444,493,3308.7,Transferencia,EE.UU.,15:30,0
11445,493,1246.61,Compra,Argentina,01:19,0
11446,493,680.93,Pago,España,00:31,0
11447,493,561.7,Pago,España,14:09,0
11448,493,1124.54,Retiro,México,04:58,1
11449,494,1428.9,Pago,México,19:04,0
11450,494,2420.86,Compra,México,19:34,0
11451,494,2271.26,Compra,Colombia,01:52,0
11452,494,3763.24,Retiro,México,03:43,0
11453,494,1103.81,Transferencia,EE.UU.,07:32,0
11454,495,2660.49,Transferencia,Colombia,18:17,0
11455,496,2317.51,Compra,México,21:54,0
11456,496,559.17,Transferencia,Colombia,04:11,0
11457,496,4914.16,Transferencia,España,01:22,0
11458,496,131.71,Transferencia,España,04:39,0
11459,496,462.09,Transferencia,Argentina,06:45,0
11460,497,2128.89,Transferencia,Argentina,12:32,0
11461,497,1223.6,Pago,Colombia,14:46,0
11462,497,1914.45,Pago,España,09:57,0
11463,497,4298.14,Compra,EE.UU.,02:03,1
11464,497,1193.45,Transferencia,EE.UU.,14:38,1
11465,498,2610.26,Transferencia,EE.UU.,12:33,1
11466,498,4860.62,Pago,Colombia,19:13,0
11467,499,2338.96,Compra,México,12:44,0
11468,499,96.05,Pago,Colombia,23:13,0
11469,500,410.37,Retiro,México,17:14,0
11470,500,4394.6,Retiro,España,11:19,0
11471,500,2680.87,Retiro,México,07:27,0
11472,500,4730.37,Pago,México,12:24,0
10852,283,2539.56,Retiro,México,08:42,0
10184,65,650.77,Retiro,EE.UU.,09:14,0
11261,422,3556.11,Pago,Argentina,15:26,0
10067,21,257.02,Retiro,Colombia,07:11,0
10220,76,433.47,Pago,EE.UU.,05:06,1
10494,162,4235.41,Compra,EE.UU.,01:00,0
10430,141,2319.75,Transferencia,Colombia,03:57,0
10240,81,475.14,Transferencia,Argentina,05:30,1
10218,75,1115.44,Compra,EE.UU.,04:37,0
10049,15,4554.01,Retiro,España,02:22,0
10677,221,3177.0,Pago,México,18:58,0
10843,281,4255.85,Retiro,Colombia,21:38,0
10618,203,285.68,Transferencia,México,20:44,0
10361,120,2169.01,Compra,EE.UU.,14:31,0
11426,484,170.88,Compra,México,19:17,0
10984,327,3985.79,Pago,España,06:57,0
10807,267,1183.44,Pago,Argentina,18:03,0
10873,290,3411.79,Pago,Argentina,05:14,0
10271,92,1610.32,Retiro,Argentina,03:18,0
11199,403,3119.69,Compra,EE.UU.,23:55,0
10259,88,2252.16,Transferencia,Argentina,05:21,0
10428,140,3861.24,Compra,Colombia,04:15,0
